epoch,acc,loss,mean_absolute_error,val_acc,val_loss,val_mean_absolute_error
0,0.4459127298364645,7.195429234865533,0.3006032238124385,0.576215073466301,5.441286325454712,0.2967729717493057
1,0.556316714871295,5.699534701108187,0.29713357487196024,0.560705164204473,4.9710774421691895,0.33875803714213165
2,0.5814494056450537,5.372519654275657,0.2862037797294201,0.5297792605731798,4.948506147965141,0.346291976130527
3,0.6111027938563649,5.202913211836824,0.2832417089429179,0.6605746823808422,4.956365917039954,0.3064623902673307
4,0.5700253449207995,5.038138702886413,0.29094606602915085,0.6235126101452372,4.910510477812394,0.29785560265831323
5,0.6069019511323408,4.913225810588047,0.27688729066251666,0.53656739514807,5.2164580511010215,0.3139165264108907
6,0.6279485441804902,4.807499276853637,0.2739316398199832,0.5588347212128018,4.618354216865871,0.2995289901028509
7,0.6081342840973126,4.712072037743842,0.27361382297614173,0.6358123888140139,4.848709852799125,0.2897492595340895
8,0.6080527720263483,4.608409583262908,0.28240223290250777,0.5363789097122524,4.723901023035464,0.32948058714037354
9,0.6246479622940483,4.515450748672628,0.2798896566191787,0.6217655176701753,4.756704931673796,0.2970648718916852
10,0.6267125463676596,4.436818512135635,0.28825190527635364,0.5604915359745855,4.7684965962949,0.31892818212509155
11,0.5942295187707988,4.346393305544111,0.27932116626723996,0.6165514795676522,4.571600685948911,0.2918412983417511
12,0.5830816953684703,4.285940804222064,0.2925759716377622,0.622957618340202,4.577476169752038,0.29592474128889
13,0.5870009087527547,4.224354138516294,0.2951891455228012,0.6486347913742065,4.383158008257548,0.2792927647630374
14,0.6051002786113293,4.1596351026519525,0.29369086883379714,0.6468296076940454,4.479009338047193,0.30613072151723114
15,0.5816311077651662,4.086837871837592,0.3025354877103112,0.625563585239908,4.507020846657131,0.3198101714901302
16,0.6150460973614973,4.043841020609156,0.29680948773721666,0.6168323262878086,4.233175246611886,0.3027222946934078
17,0.5911185741946428,3.965926942413788,0.3055307020613221,0.607999703158503,4.3812741403994355,0.29093132589174353
18,0.5741846914630787,3.92829429575405,0.3122855279224647,0.5671749659206556,4.356258288673732,0.3018193076486173
19,0.567916101795051,3.8341950292211537,0.3185200431296198,0.6253248323564944,4.107041234555452,0.3013112545013428
20,0.5714975744802703,3.8107680204438,0.3176193193169666,0.6743134804393934,4.222185083057569,0.29159260573594464
21,0.5742115005272939,3.7395424265428456,0.3163874996530136,0.6549036580583324,4.310750671055006,0.2853425261767014
22,0.5576684938139137,3.7014078860434987,0.3092776703230659,0.6136971167896105,3.9290921895400337,0.2991354167461395
23,0.603721118522102,3.6570516049280326,0.3082795929194451,0.6018767279127369,3.9745109910550327,0.3120060174361519
24,0.605467643582724,3.6238261006935604,0.31006538331545913,0.624430132948834,4.105443778245346,0.2989818583364072
25,0.602093822513244,3.599569418223073,0.3023966583630083,0.6586319778276526,4.181508541107178,0.2902114158091338
26,0.6273964022752014,3.526983573879932,0.3025746566670103,0.6698512782653173,3.8505730430285134,0.30563053488731384
27,0.6132888666908021,3.4983228074825874,0.3125395003447613,0.6217657327651978,4.035457476325657,0.31265560051669244
28,0.5860155134740809,3.440932746407686,0.30623122577819323,0.6496295073758,3.7925752453182056,0.2880497186080269
29,0.6301070837369703,3.401342438136395,0.3026266536780945,0.6522047027297642,3.7398050660672397,0.3058932047823201
30,0.6147222562310396,3.366126291150969,0.3056346691459921,0.6826162234596584,3.827561720557835,0.29096661313720373
31,0.5733426854569882,3.309289140972102,0.30972605285672566,0.6106768898341967,4.000436461490134,0.30970861730368243
32,0.5862665998480929,3.2939208115094,0.3113748634920186,0.6246665897576705,3.746913702591606,0.30354937651883
33,0.571750486635133,3.2659989088009564,0.3196803356424729,0.6216687663741733,3.930009240689485,0.3029385973577914
34,0.5995018111934715,3.2339215350502992,0.32297938443256197,0.6396117158558058,3.6007098425989565,0.317511982243994
35,0.6099180030479813,3.1754150680782947,0.3247110705363743,0.6655738483304563,3.734605291615362,0.3270436227321625
36,0.5714839388908186,3.1360725394780373,0.32281643703551943,0.577828383964041,3.623875275902126,0.3316752210907314
37,0.5658863342222882,3.087026317119002,0.3262808559118046,0.5945838612058888,3.606272386467975,0.31931191294089606
38,0.5821822819820115,3.0905905680331385,0.31507566760598754,0.6427408379057179,3.9954044196916665,0.32349442399066425
39,0.5573375388208198,3.065886898580002,0.33299109834058305,0.6242104123036066,3.755731781323751,0.30824175973733264
40,0.5452533052294161,3.037686419293163,0.3311741446054601,0.6335639227991519,3.6508187418398648,0.31075553660807403
41,0.540738498392964,2.9646381229963654,0.31743516722196635,0.5979751970456995,3.5817839581033457,0.3156219034091286
42,0.5852504384526617,2.949835305217507,0.3104952498357058,0.6459866347520248,3.5170299384904946,0.29306627486063086
43,0.5744076525218194,2.92003285847581,0.31222139157825446,0.6521697225777999,3.568216375682665,0.31028103569279547
44,0.5868210638814453,2.900298609742528,0.32305408497017724,0.6345507580301036,3.591703642969546,0.3259592768938645
45,0.5597219855405999,2.87054563296387,0.32530470735987393,0.6284931302070618,3.4823226928710938,0.3161855417749156
46,0.5762913267265043,2.875254694918978,0.3311015096286299,0.5986512484757797,3.662067226741625,0.3240800150062727
47,0.5683718067438924,2.823243689948629,0.34591530281318733,0.6223866965459741,3.8147531177686607,0.31176750556282373
48,0.5871085417650878,2.802898981811256,0.3330498048706007,0.6714180733846582,3.69331607611283,0.3046826603619949
49,0.5903001362640757,2.7727431175930937,0.3374428297073264,0.6585921956145245,3.743141039558079,0.3221919951231583
50,0.5717880459153297,2.755840567251668,0.3415123508823255,0.66132151303084,3.5642299444779106,0.28856099688488507
51,0.5897484436342312,2.718489796493559,0.33849287828555175,0.648816704750061,3.484019486800484,0.3026414047116819
52,0.5918651860531157,2.6945663485846123,0.33761181451515376,0.6451593587795893,3.678104023138682,0.32534101357062656
53,0.576041661868371,2.686114125887632,0.3336169558605433,0.6668899292531221,3.752104365307352,0.28911123327586963
54,0.5769785138873327,2.653607410815002,0.33991707126150433,0.6535107182419818,3.423239459162173,0.34821330723555194
55,0.575075921898697,2.613553577880726,0.33942980686664465,0.6634531306183856,3.2305010401684306,0.3042001296644625
56,0.6164004687744055,2.5806971643625607,0.32730838981846705,0.6711805670157723,3.520544300908628,0.31502671863721765
57,0.5807838624682257,2.5960567089973052,0.3296964074687111,0.5963998462842859,3.385865014532338,0.3060029732144397
58,0.6018628691669581,2.5738051755445612,0.3333752771593912,0.6137528238089188,3.29106588985609,0.3121895142223524
59,0.5790416359454114,2.545050459343467,0.33816805680965617,0.6396330698676731,3.427009167878524,0.3284918277159981
60,0.5858246769586006,2.527677469659105,0.34340130756839204,0.5977768794350002,3.279752762421318,0.32830253891322925
61,0.5913756420187631,2.5036173083646793,0.34152757520895766,0.6673259683277296,3.499813328618589,0.32532308930936066
62,0.626474747104597,2.4905645197820037,0.32715340580993924,0.674822607766027,3.309552410374517,0.30578328993009485
63,0.5985729377031744,2.4645824115038337,0.3322524140447505,0.6434087338654891,3.4580962450607964,0.31885013373001764
64,0.6053499423316898,2.469676678623536,0.33345932313768173,0.6402806380520696,3.6829791794652524,0.3279493645481441
65,0.6149842133665174,2.435475312030785,0.33002573043723044,0.7167268892129263,3.4346336921056113,0.30080635845661163
66,0.6163602022490026,2.4062126888643065,0.33306089883927914,0.6605996048968771,3.4216168030448584,0.27777118527370953
67,0.6119169463434392,2.3815720910650255,0.33140213557002396,0.6074949839840764,3.6071392971536387,0.296589899322261
68,0.6185601320394953,2.3899898815632166,0.3348124524814923,0.6695065783417743,3.2209972713304604,0.3154461668885272
69,0.639713463841124,2.346934807011268,0.3271681539731113,0.6839488563330277,3.494714654010275,0.3203611969947815
70,0.6034587703472827,2.3463442662270686,0.3468971362629855,0.6540636238844498,3.06394622636878,0.34271950047949085
71,0.6254333239183862,2.323599507369069,0.3461093749661788,0.6759474718052408,3.2469419603762417,0.32255425660506537
72,0.6030204791214557,2.341535438963441,0.34821016496982776,0.6806798240412837,3.1252767728722612,0.3214389461538066
73,0.5980781730821239,2.2796928928523155,0.3384370147920982,0.691475870816604,3.143119418102762,0.312898523133734
74,0.5769740212759973,2.2966751208119254,0.35256201155578787,0.6314258264458698,3.2503550778264585,0.32561887347179913
75,0.5937759168599829,2.2888804525192863,0.3512286345536743,0.6407016023345615,3.2221593856811523,0.34459150096644525
76,0.6026999282046659,2.2674351535341453,0.35293489139179945,0.6662777506786844,3.0985555234162705,0.32466012498606805
77,0.5905677233751577,2.256643789766549,0.3531624004598973,0.6631701847781306,3.7225676101187,0.3382760428864023
78,0.6161669058379268,2.23891197506378,0.35746977149582865,0.7065992256005605,3.143240670363108,0.31254169593254727
79,0.5767762181921127,2.2241043447255193,0.3558483042917104,0.6366369309632675,3.2733091997063677,0.3372487892275271
80,0.5666830022980677,2.2135989538947816,0.3536893453092557,0.6469512815060823,3.2091426227403725,0.33093053361643915
81,0.5784720293427349,2.20537610019722,0.34772494052856545,0.6982418091400809,3.2334426071332847,0.3268906098345052
82,0.6075539483423379,2.1820050989773265,0.34668503399339057,0.6633886176606884,3.1892894661944844,0.3197404703368311
83,0.597155517313613,2.161343671307853,0.3493145322784772,0.6662446571433026,3.247773129007091,0.33451692306477093
84,0.6264710016366912,2.16081820503483,0.3507798185230718,0.6874158097350079,3.193765536598537,0.3122250709844672
85,0.6080920052045221,2.1282939163332792,0.3491807244168182,0.6815053898355236,2.8625446817149287,0.3183896489765333
86,0.6155335269994181,2.1512999030483595,0.35314612753917607,0.6654264019883197,3.235389128975246,0.3058916239634804
87,0.6268518677809432,2.103409487872473,0.34935418839063354,0.6674763327059539,3.0724938019462256,0.32068897848543915
88,0.5842084128533102,2.0925676626738645,0.35526129343198043,0.6203656637150309,3.328366621680882,0.3447585663069849
89,0.5702954740282742,2.0800449475114835,0.36178836814309,0.6637201542439668,3.333443610564522,0.32240774709245434
90,0.5808167184759206,2.0874429730913295,0.3564591845229533,0.6502119458240011,3.3252334180085557,0.33819025107052014
91,0.5572471445168906,2.057234797066193,0.3629202172225382,0.6610362430413564,2.91674933830897,0.32548969487349194
92,0.5744671178499341,2.0716764761681614,0.36474453882855534,0.6136724041855853,3.435783914897753,0.3305882902249046
93,0.5656980246435932,2.062972365445536,0.3720951271735556,0.580194556194803,3.2242504617442256,0.34833654372588446
94,0.5405322301827646,2.056993241545705,0.37490652278112274,0.6351914250332377,2.8024688596310825,0.3287424004596213
95,0.5565813227403096,2.022988294239846,0.3615853987188676,0.5818704392599023,2.9748898278111997,0.3270889468815016
96,0.5829254732197564,2.05497821500109,0.3526573208774008,0.65594496416009,3.307573650194251,0.3232764096363731
97,0.5885153945794025,2.018510109831051,0.3476456582769891,0.6972526622855145,2.973848114842954,0.3009489411893098
98,0.6137395657716407,1.9902842091505963,0.333658947004716,0.6264184946599214,2.8740101067916206,0.33301156500111456
99,0.6346174211260526,1.9983020637689939,0.33801265499828903,0.7104169830032017,2.970401670621789,0.29728146739628003
100,0.615585403231224,1.9862519831307863,0.3465035673168441,0.6685524038646532,3.3598525005838145,0.30335993481718976
101,0.6471248472012752,1.9936076347346303,0.3464263985200253,0.6977167595987734,3.310979459596717,0.30189266671305115
102,0.6385272823176286,1.9750587828536568,0.3509000595060269,0.7136200459107108,3.564550016237342,0.3236281612645025
103,0.6261082201308836,1.958714094629042,0.351881731125394,0.6924415645392045,3.267229536305303,0.3044911843279134
104,0.6509336279957946,1.9624897056702453,0.3401285354385829,0.7165785630544027,3.2290039658546448,0.3001161813735962
105,0.623093876807372,1.948522991564514,0.3367039655207693,0.6437174392783124,3.2007315366164497,0.32316369466159656
106,0.6092860977635373,1.9350106686033068,0.37122198922174227,0.6721695169158604,3.32486281187638,0.33430453616639844
107,0.5992289158237808,1.928236264344526,0.3577785163316375,0.7217780792194864,3.142153843589451,0.311942044807517
108,0.6031554287780903,1.9347712146153233,0.3507892238943166,0.7250322569971499,3.325610181559687,0.3160034871619681
109,0.6268772366644816,1.9274536040367523,0.3585101376331322,0.6381006499995356,3.149706456972205,0.3329642985178077
110,0.5948008351060582,1.9191600955673276,0.3506229849850259,0.6483685166939445,3.1309340414793594,0.3266675977603249
111,0.5809966994802267,1.881670451027052,0.36196034778751135,0.6417244724605394,2.7743510785310166,0.29547125489815423
112,0.6070907514940731,1.9073450203758988,0.35178592329177355,0.6920878291130066,3.193123547927193,0.32670482993125916
113,0.636687146558696,1.8763169204540144,0.361734297750442,0.6540556575941003,2.8649538081625234,0.318553204121797
114,0.6201940575986914,1.9051628494549013,0.3650689470468237,0.6909633900808252,3.49134782086248,0.3199956080187922
115,0.5965075957842213,1.8825498151361681,0.37200846911371316,0.673083484172821,3.125107018843941,0.3118956425915594
116,0.6127520273156485,1.854953280681069,0.3661232570804654,0.6872516118961832,3.181870139163473,0.30628637775130896
117,0.5586156491378906,1.8624516817388719,0.382193120242358,0.6699692904949188,2.9571528136730194,0.31187262137730914
118,0.5917920297648923,1.8715625079144829,0.3694257679583506,0.6883808789045914,2.891313998595528,0.30156911067340686
119,0.6100954061258964,1.851591203118492,0.3636662125110268,0.6886439245680104,3.3618465506512187,0.30930113533268805
0,0.36483088355062304,7.304494719078328,0.4065572795061662,0.35450886249542235,3.8052014446258546,0.31281691551208496
1,0.4863519123085505,4.235679543075008,0.39824339121856,0.4469699418544769,3.47330322265625,0.374548819065094
2,0.5323998052118897,3.704070314873091,0.3584146021469432,0.45678130865097044,2.688819589614868,0.32468231916427615
3,0.6013533403689769,3.4093425700281665,0.3473526524298784,0.6240140652656555,2.900773162841797,0.29047204852104186
4,0.6667576102963501,3.1404881870445385,0.33393367701451243,0.6156718707084656,2.53934494972229,0.30999160528182984
5,0.6452076968801955,3.02888085945326,0.34689277901868987,0.6526165652275085,2.60703800201416,0.27822356700897216
6,0.6485883310146484,2.8990544114129553,0.3561169660392554,0.631964545249939,2.408524923324585,0.3192477977275848
7,0.6093470716971531,2.817208286580784,0.3729686450818076,0.6013125252723693,2.3330880498886106,0.3535714209079742
8,0.6089534447107847,2.7282261800730203,0.43143445446487066,0.6606714820861816,2.6942294883728026,0.31940814018249514
9,0.6193252791608197,2.66642602471604,0.45922325836264416,0.6925841999053955,2.249038133621216,0.3052217662334442
10,0.6191967152821471,2.623785520035355,0.4565482918533767,0.6770895934104919,2.4061389350891114,0.319604332447052
11,0.6434264369299628,2.5942917965578083,0.46147401614102057,0.6560919070243836,2.3089892530441283,0.2912983858585358
12,0.6484649005146131,2.532870413304091,0.441862588311327,0.631988627910614,2.291069731712341,0.2835247111320496
13,0.6296552129020863,2.4586134090822043,0.45533551726455773,0.5983082866668701,2.208010172843933,0.28267396926879884
14,0.6389001423429185,2.5141600888461983,0.4602525553793975,0.7137296724319458,2.4947455883026124,0.291983482837677
15,0.6442621181331517,2.43882743963934,0.458797956597128,0.6647840094566345,2.239171557426453,0.2838182318210602
16,0.6231609493896566,2.3980889502854987,0.45725053451161435,0.66517245054245,2.1704510498046874,0.28348981380462646
17,0.6242707031113761,2.3951371219535753,0.4527079300907871,0.6668408489227295,2.396535677909851,0.27644909262657164
18,0.6247628057691972,2.351109718990111,0.4464858812870668,0.6529628133773804,2.2339690780639647,0.28266589641571044
19,0.6097166019716879,2.3154686346478672,0.4428633711393503,0.6254695606231689,2.170416145324707,0.29251219272613527
20,0.6067597241231075,2.3219495541398634,0.4508331787192526,0.7112487459182739,2.3217989444732665,0.2792341697216034
21,0.6154559561691494,2.301882761610965,0.4555061903183598,0.6405287051200866,2.229905672073364,0.2871622252464294
22,0.6248832995620831,2.2902714745470023,0.4501997737541027,0.6738774561882019,2.2426502561569213,0.28266684532165526
23,0.6334955689457914,2.275386151296364,0.45749007234401573,0.6832763051986694,2.170535936355591,0.2838652098178864
24,0.673737519229386,2.2843508977486784,0.45217477883850005,0.7100543355941773,2.1588158798217774,0.28363860249519346
25,0.6579815781432549,2.2606443881153644,0.4577163472779099,0.7084753370285034,2.1682957124710085,0.27247119903564454
26,0.6479002850664715,2.219477913455424,0.4488694910812831,0.6893799591064453,2.2812010526657103,0.2748525953292847
27,0.6652703006952919,2.205575560909049,0.4493512957952665,0.7122418069839478,2.3415939712524416,0.2616846537590027
28,0.6819629191666499,2.182534751592725,0.4449261978991691,0.7338876700401307,2.302013339996338,0.27826420545578
29,0.6795701015762069,2.206898840361904,0.44289342026755846,0.6915591526031494,2.2298885774612427,0.2730511736869812
30,0.6781296037512181,2.1831528477469533,0.44114015653845007,0.7267053890228271,2.24413902759552,0.2802094495296478
31,0.657460118058863,2.179017974789333,0.4511891903058869,0.7151998090744018,2.1978937816619872,0.2796430575847626
32,0.638349409652627,2.189670728706848,0.4382063026515289,0.6885691738128662,2.127329611778259,0.2790151858329773
33,0.649026075317945,2.200850204076951,0.4527521722460497,0.6974117565155029,2.1940665245056152,0.27514527797698973
34,0.6314809566472273,2.1495064450467503,0.45344822748858005,0.7052437353134156,2.1951584005355835,0.28157183170318606
35,0.64946620739538,2.1498859626403624,0.4507903829552401,0.6680208086967468,2.090263910293579,0.2691965174674988
36,0.6446014519390357,2.144488072944099,0.45396984630087955,0.7159127187728882,2.3375951433181763,0.27640262246131897
37,0.6322040808836102,2.1389383485324984,0.4401169480280128,0.6852766871452332,2.229518008232117,0.2678312635421753
38,0.6311254283229729,2.11716551092519,0.4439516504252774,0.7018462443351745,2.254016399383545,0.27058410763740537
39,0.6342867362311342,2.1184995634901185,0.44617582040039455,0.7037589573860168,2.2113852453231813,0.280851354598999
40,0.63360528594588,2.1085739843482103,0.45625122631523707,0.7059348726272583,2.0952782344818117,0.2730777144432068
41,0.620292980158669,2.1356776086254796,0.45716048849410207,0.6849608898162842,2.367053985595703,0.2834279870986938
42,0.592338911721132,2.1166739192401467,0.4539283706392083,0.6492949891090393,2.297770447731018,0.26958181738853454
43,0.5911124104077976,2.1078986378350733,0.4477296917251208,0.6621421980857849,2.1039465999603273,0.2696203815937042
44,0.5887337165990432,2.07605268196084,0.4509231561926259,0.6872202324867248,2.247030272483826,0.2789275002479553
45,0.6278398785407405,2.0732031437585374,0.4519108846347452,0.7068310236930847,2.2456197595596312,0.2782903838157654
46,0.6384405650465018,2.0773905837180946,0.4560130913465775,0.7000942182540894,2.284029273986816,0.27286003589630126
47,0.6218938866286746,2.0580839500267385,0.45154132293795896,0.7127344846725464,2.317087745666504,0.28505999088287354
48,0.634203912601762,2.0807681266458826,0.4578734211411221,0.6782472109794617,2.076597504615784,0.2611166667938232
49,0.6323375138665009,2.075325642611523,0.4427944267649098,0.7008955669403076,2.1862915420532225,0.2727239775657654
50,0.6231510967709644,2.0604092041074797,0.4586141681355001,0.6987343001365661,2.199143900871277,0.28028775334358214
51,0.647023165029189,2.053041956882706,0.4527826476106052,0.6970055866241455,2.170127420425415,0.2740215063095093
52,0.6213538520986925,2.061832274351533,0.46096546433852975,0.6813185000419617,2.22691104888916,0.2588293993473053
53,0.6387947126272353,2.0513231674372805,0.4521921828877547,0.6659641599655152,2.155597839355469,0.2543956577777863
54,0.6546121613421161,2.0405708934856452,0.4478822286991312,0.7038098287582397,2.1517441129684447,0.2651675224304199
55,0.6292788616591524,2.048761351632869,0.441671263024841,0.7084658932685852,2.2260584020614624,0.27931552767753604
56,0.6249215328785847,2.031131032171147,0.4448693359020444,0.7292774534225464,2.2388405656814574,0.27870012998580934
57,0.6241820136298533,2.0460812609871963,0.44682600321234195,0.7024150252342224,2.0907160425186158,0.2651397740840912
58,0.6144372870512297,2.0116592434188085,0.45317440414565907,0.7181664800643921,2.230341339111328,0.27035475373268125
59,0.617224624239268,2.0445639051912665,0.4555195766014846,0.7022019219398499,2.310563268661499,0.26529972434043886
60,0.6333748809900088,2.0150327423085206,0.4533726700309994,0.6960867047309875,2.288909683227539,0.2570719480514526
61,0.6457047258015123,2.0324624418049178,0.4556023356748695,0.7203202342987061,2.1538872385025023,0.2600391566753387
62,0.6349457277636066,2.0001688238558604,0.4602619652632388,0.6718649339675903,2.0759111785888673,0.25941645860671997
63,0.6215470503621439,1.9941534559100993,0.45337229880625707,0.7253042316436767,2.227391562461853,0.2644861912727356
64,0.6208410851951836,2.0048415801297312,0.4596102059841633,0.6854564595222473,2.197436599731445,0.26143290996551516
65,0.6176232323665634,1.999389683272739,0.45212373136728445,0.7018005728721619,2.162406048774719,0.26545695304870603
66,0.6189999103039123,2.0143246142781313,0.45447432285760503,0.7325468277931213,2.234022512435913,0.27130019187927246
67,0.6356761525904554,1.9793884748813806,0.4518690327813233,0.7310333371162414,2.2430566215515135,0.28679070591926575
68,0.6311585570771544,1.9626568832008546,0.45666048991730845,0.7132198476791382,2.170308222770691,0.28204017639160156
69,0.6348552736962829,1.991373058674125,0.45617282992307623,0.6805934476852417,2.3949201488494873,0.2692183256149292
0,0.24787897314073115,7.380427223852481,0.47974013630720064,0.32570038437843324,4.046184272766113,0.47148905277252195
1,0.38459042291030426,4.541496509786305,0.4362101769832065,0.3116495203971863,3.249970006942749,0.4381037473678589
2,0.511135677158579,3.8296358592515594,0.3895742834464353,0.39787803173065184,2.850044460296631,0.31474888920783994
3,0.5599398827212879,3.4665982560434,0.34877853211073234,0.5515682077407837,2.71917160987854,0.3343769156932831
4,0.5725179434806846,3.2479249155160512,0.34713485521586623,0.5757055878639221,2.8534750175476074,0.34635657906532286
5,0.5571816526623645,3.0602951750684926,0.3540110485700479,0.578699038028717,2.732684540748596,0.318708256483078
6,0.6312983799064201,2.920629009119924,0.3542809335141256,0.5552271676063537,2.6158597755432127,0.3195112264156342
7,0.6314371959817746,2.819783743363725,0.37252076630416975,0.5507978844642639,2.3836798429489137,0.3211492323875427
8,0.6008977448832908,2.785110019879965,0.3572054188833673,0.4523431611061096,2.448120255470276,0.29598530769348147
9,0.5813144765507287,2.6554079377215882,0.3524247238625879,0.5815805387496948,2.2100485801696776,0.3027060806751251
10,0.6260104765735748,2.6070333795306504,0.3399868932610188,0.5350250506401062,2.2751064682006836,0.2912722742557526
11,0.6460884641133638,2.5892331365170644,0.35964153387530434,0.5284235048294067,2.6450866508483886,0.331152548789978
12,0.6650933512990149,2.497174024939716,0.384653199846116,0.5928768754005432,2.3127336931228637,0.3122507929801941
13,0.6943202778820041,2.519650084691433,0.3706015896090335,0.5909639739990235,2.2594052362442016,0.2971872854232788
14,0.7029663091574366,2.483031149622736,0.3590490715948677,0.6146161842346192,2.3601888179779054,0.3031591498851776
15,0.6843928655058198,2.429587546992308,0.36233171895202293,0.636369366645813,2.2786529874801635,0.3069600188732147
16,0.6838847607478552,2.3948339592999015,0.3810445357406658,0.5823038506507874,2.243564696311951,0.3341349458694458
17,0.675318127293452,2.3821491834548882,0.38354263127163285,0.5598493266105652,2.1911829805374143,0.30669867753982544
18,0.6797003868612195,2.3775053518188876,0.3924645624340908,0.5970394968986511,2.368228678703308,0.3092558526992798
19,0.6865741206801731,2.3356629929702364,0.4000570827674842,0.6131050109863281,2.136983594894409,0.3151963233947754
20,0.701085804714869,2.325120918298024,0.40734901949707375,0.6181134939193725,2.272777919769287,0.3161093008518219
21,0.7127752978711657,2.342892543417172,0.3976249176620214,0.6532042407989502,2.196595516204834,0.3102848207950592
22,0.7275666687535071,2.2837146036979137,0.406210693532136,0.6486599254608154,2.2297108030319213,0.3180976641178131
23,0.7180167493266644,2.2719494391000654,0.40345657084296577,0.6455818819999695,2.3503567934036256,0.31967604398727417
24,0.7084765217588758,2.267452278165839,0.385917615109096,0.6094747614860535,2.1559474325180052,0.3229584789276123
25,0.7032035144345054,2.2460032685391003,0.4056607221456812,0.5779333353042603,2.4132471895217895,0.3364038050174713
26,0.7110848021501298,2.2329877324184237,0.40343243245306626,0.6136736106872559,2.1792830419540405,0.30882699489593507
27,0.712198894337651,2.219773439428107,0.39428790326353486,0.6246543335914612,2.2800173282623293,0.29041865587234494
28,0.7063185585445616,2.226144188341348,0.36340663810561097,0.5767287063598633,2.222150764465332,0.29542728662490847
29,0.7128221643308058,2.199101936498045,0.3704674591608336,0.6402855443954468,2.2192187404632566,0.2845782494544983
30,0.7155396558804783,2.2100842839513746,0.402227794151769,0.6317088651657105,2.3615748405456545,0.30474353790283204
31,0.700568875641354,2.1873764804759444,0.4040498185342689,0.6127385306358337,2.1155763483047485,0.28914461851119994
32,0.725264124523824,2.1935118360481245,0.39878304354127136,0.6400136756896972,2.1664532470703124,0.306225551366806
33,0.7199158619605573,2.1525009867248457,0.40703038973810673,0.6253924822807312,2.2055551290512083,0.2937665605545044
34,0.6951548489952851,2.173485355315162,0.421563672070984,0.6654766845703125,2.314674892425537,0.30664066553115843
35,0.687911368954951,2.174749275456076,0.4437955698411187,0.6667872858047486,2.022548403739929,0.2997338688373566
36,0.6836360078738396,2.183853388190538,0.4307151561920303,0.6576179194450379,2.198511905670166,0.29184703826904296
37,0.6901769876957298,2.133514630457506,0.4252387057893838,0.6419967269897461,2.099437494277954,0.29273113250732424
38,0.690640050256294,2.1376668887474706,0.4352390624362865,0.6745013427734375,2.323917808532715,0.2990809798240662
39,0.7274776557877507,2.1317858424877447,0.43543405339871166,0.6443026995658875,2.0967737340927126,0.2901488125324249
40,0.7364086507259681,2.134868037649951,0.4283755415077057,0.678109438419342,2.1970106077194216,0.30143591165542605
41,0.7282323345892306,2.1054560622911325,0.41113049915994987,0.6545963382720947,2.1851478528976442,0.30802818059921266
42,0.7213297885956095,2.1166130673267975,0.420421325283585,0.6572063660621643,2.2159516859054564,0.2819110059738159
43,0.7108960630507776,2.097379254614797,0.43010461419142276,0.643747980594635,2.256972951889038,0.3056125295162201
44,0.716533913067903,2.118551324760395,0.43424292566956374,0.6521283316612244,1.981190824508667,0.2951716315746307
45,0.717417229555057,2.091706615822119,0.4142499290647165,0.6361788034439086,2.232889184951782,0.2867430686950684
46,0.7281895865939515,2.074726793776162,0.42308336922100614,0.6581367969512939,2.2959488248825073,0.3079233145713806
47,0.7254996493305896,2.073595076851586,0.42406411727339083,0.6572668623924255,2.1093586921691894,0.2952968430519104
48,0.7126028480202988,2.0305076153830566,0.4283784768353587,0.6413861227035522,2.196132040023804,0.2885628521442413
49,0.7067391976345053,2.0634909492151006,0.43313448296984286,0.7034127163887024,2.288973107337952,0.3017276656627655
50,0.728608946219247,2.0610548996883598,0.43490834902130365,0.6789805364608764,2.252510123252869,0.28241113662719725
51,0.7116196196695874,2.069529760116455,0.4323859573036745,0.6869653201103211,2.1755318784713746,0.29395360589027403
52,0.7344881012525026,2.0312437041270486,0.42925023867065737,0.656177065372467,2.1905286502838135,0.3259144425392151
53,0.733740994102334,2.045745338980842,0.42821624107828493,0.6979601168632508,2.2249833822250364,0.29149124026298523
54,0.7075858884689031,2.0661724807620945,0.44060862266373313,0.6852447032928467,2.206139130592346,0.2968999445438385
55,0.7126639489832896,2.0298768603446815,0.43262367545141706,0.698101544380188,2.3150412607192994,0.28379094958305356
56,0.6926487162317787,2.068690040125261,0.43303330850684707,0.6856828546524047,2.190485143661499,0.3065603518486023
57,0.7121474227200394,2.0214710647073493,0.44657718890783127,0.6750256299972535,2.334929971694946,0.299873378276825
58,0.7317971191407443,2.0428357125223355,0.44172813130641897,0.6768755245208741,2.2296956968307495,0.300978376865387
59,0.7467599453435768,2.015501499116376,0.4379019704287369,0.7036290907859802,2.2699501848220827,0.29518738985061643
60,0.7029600103924786,2.0267232026738964,0.43872601048030396,0.6619579982757569,2.2748090648651123,0.30369319319725036
61,0.7087857505814087,2.0132619559481526,0.43703213353469605,0.7044735980033875,2.2310941362380983,0.302018061876297
62,0.7433986620870805,2.017701766477217,0.43412413888941537,0.7100466275215149,2.2964789772033694,0.30391817927360537
63,0.7373939358594569,2.008849724728315,0.4353564575087108,0.6768400740623474,2.1870471096038817,0.3014917206764221
64,0.6901001124426148,2.0014556830617534,0.44613237422576485,0.6838543391227723,2.1624825191497803,0.28911149740219116
65,0.697877647103087,1.9891504859041504,0.43582746746661155,0.6715537619590759,2.151197829246521,0.30248669981956483
66,0.7027713994786594,1.959322804744941,0.43406415202631365,0.6995631957054138,2.239527339935303,0.3002050197124481
67,0.6934662167730183,1.961067799480633,0.43198933240292725,0.6894791913032532,2.2267539834976198,0.30205718874931337
68,0.6785426204103752,1.9697883521314559,0.44302203418434877,0.6803352546691894,2.1301400375366213,0.2991126823425293
69,0.6980597533999546,1.9673252417679157,0.44197420378103536,0.693409059047699,2.1873361968994143,0.3008466339111328
0,0.34955100877058615,6.6164287555927395,0.3402052989836154,0.5201990342140198,3.427619943618774,0.3022741520404816
1,0.45948386137891717,3.809386476982466,0.37071464048017705,0.485773606300354,2.73428994178772,0.3205012762546539
2,0.4879446098110752,3.2790068897689197,0.3899912209265644,0.488021582365036,2.6983901166915896,0.31573105812072755
3,0.5057407945633053,3.002452561233925,0.39395677631887693,0.6650618505477905,2.6543082904815676,0.2805215775966644
4,0.5431116403327275,2.80570507490966,0.3955353756666124,0.608045654296875,2.426640625,0.3066593599319458
5,0.5259882285799538,2.649719267330499,0.40683453997015984,0.6578396916389465,2.3476042222976683,0.26675631403923034
6,0.5704404804007658,2.5408016608440023,0.4023056673356567,0.7327123355865478,2.2216658210754394,0.26200599551200865
7,0.5650566683610082,2.4716333624777986,0.3939022522047814,0.699700767993927,2.375878643989563,0.25737576007843016
8,0.6017988291954678,2.4067137929120896,0.4109991179620262,0.6902999997138977,2.4279613161087035,0.24099261164665223
9,0.5838015150612387,2.329902802901962,0.4046496884145398,0.6951934480667115,2.2565159797668457,0.2539454901218414
10,0.5965411095193305,2.295942099326427,0.39187977777471056,0.7155749535560608,2.217027087211609,0.2570276069641113
11,0.6200986010657867,2.2478490205952784,0.3674645237783089,0.7377961492538452,2.285628719329834,0.27306125044822693
12,0.6042817646918027,2.2266251993155466,0.3547619773469131,0.6421946048736572,2.170192461013794,0.2699926769733429
13,0.5757026051860586,2.209438687090221,0.36898555098279046,0.6867046284675599,2.1459008121490477,0.2664654505252838
14,0.6280274600991017,2.128739438356386,0.3783868643487129,0.6912109804153442,2.1541531038284303,0.2504915028810501
15,0.6294766449468984,2.1519809404790236,0.353398820132293,0.7078464317321778,2.4465897560119627,0.23953615248203278
16,0.602315637649686,2.108636516520475,0.37268618114475255,0.7156558752059936,2.0972476863861083,0.2574043166637421
17,0.60350899464314,2.0826277465321645,0.3972869049930143,0.6791610836982727,2.143893985748291,0.26669651627540586
18,0.605724664264719,2.073156648854897,0.3884245375707682,0.7147169542312622,2.2094780158996583,0.2640127909183502
19,0.6092150890719837,2.066300788541148,0.39442201191303194,0.7241244792938233,2.2311332988739014,0.2536905324459076
20,0.6151408111419802,2.0566148684565833,0.38935245531393287,0.7139971113204956,2.024974994659424,0.24236545622348785
21,0.5925864278151746,2.0249157627433547,0.39111109432471464,0.7040510582923889,2.339739303588867,0.24268665194511413
22,0.5923931338358903,2.0042544460523244,0.39417381418040537,0.7159416174888611,2.290965585708618,0.2645889627933502
23,0.5755946340189894,2.0004192183308223,0.3863604925843158,0.7317905616760254,2.5653168153762818,0.26417476892471314
24,0.6195586717274895,2.005081423795727,0.37644872572650484,0.7356454753875732,2.200102686882019,0.23790473461151124
25,0.6222704846510713,1.9540858637875114,0.3767393305785898,0.6972186851501465,2.1457273530960084,0.2437870305776596
26,0.6196490723489672,1.9542742051689332,0.3822961659887179,0.7167394995689392,2.2701116371154786,0.23410732209682464
27,0.5975890107861095,1.9499932285067376,0.38742785819745346,0.673882851600647,2.1468399715423585,0.2573972177505493
28,0.6175898261193098,1.9457954537755193,0.3840275436132893,0.7174077033996582,2.0854422760009768,0.2507510334253311
29,0.6292517941117972,1.9511456736809676,0.3773864578136003,0.7424106001853943,2.236360640525818,0.2567620372772217
30,0.6045635179307779,1.9225039798258423,0.386197958688662,0.6834240889549256,2.292890887260437,0.235639967918396
31,0.5962704400852796,1.9453093686460523,0.38837732723244195,0.7195017313957215,2.1621038055419923,0.25459267854690554
32,0.6321315715884256,1.9372833419168156,0.39007365415846484,0.7071601152420044,2.251982960700989,0.24501817166805268
33,0.6082349047679916,1.8892696690553423,0.38642682427014297,0.638356647491455,2.080966100692749,0.23628965139389038
34,0.5883959402344899,1.90825829498166,0.380583459932207,0.6775023174285889,2.2036919593811035,0.24418098032474517
35,0.5955867294432701,1.8992949068218306,0.37954459785520583,0.6704211926460266,2.1856978225708006,0.23973399698734282
36,0.6000052107284151,1.8942333703223604,0.3778507333264698,0.7018539476394653,2.233900103569031,0.23761340618133545
37,0.6194922640259815,1.865182484929073,0.3883858788660654,0.7275963377952576,2.227198143005371,0.2529421782493591
38,0.6262788141799486,1.8552129178001857,0.39063152367469967,0.7404655075073242,2.255551733970642,0.24302892088890077
39,0.5987146952195797,1.8703142286152252,0.37854993065983644,0.7222730183601379,2.3424538516998292,0.2468298029899597
40,0.6133934697241136,1.8634766174728703,0.38308357696608364,0.7173597311973572,2.1769070625305176,0.24456877410411834
41,0.6258425252058316,1.8482127615724462,0.37652911325584,0.7121132898330689,2.268035397529602,0.23600162506103517
42,0.6087238693016602,1.8320667982578636,0.3841554047407017,0.6815670466423035,2.1966945838928225,0.23302457392215728
43,0.5768312935922215,1.875349943477391,0.3773653450640315,0.7011674332618714,2.2357116603851317,0.2459465879201889
44,0.5887951878024793,1.8230973678329339,0.37827536865524675,0.6856942224502564,1.9907786989212035,0.24539092898368836
45,0.5857618020300809,1.8370689478163902,0.3768109982688337,0.743485746383667,2.1652162075042725,0.2404373848438263
46,0.591030695824913,1.8419515235083443,0.3804911554143045,0.7055287098884583,2.2916832447052,0.22197746574878693
47,0.6026432207592851,1.805619035925542,0.36356241697217634,0.7246522188186646,2.142605113983154,0.23429050624370576
48,0.6253953472174901,1.8113969950571007,0.36045719094280004,0.7094986510276794,2.01197633266449,0.22928148984909058
49,0.6259790981504838,1.8084317279333229,0.3611418238305318,0.701492874622345,2.170220136642456,0.23493930518627168
50,0.6136429916926555,1.8231554940130401,0.3612531556512285,0.7536219668388366,2.2817781162261963,0.23705014407634736
51,0.6122683695908365,1.8059610836263773,0.3524211275243592,0.7424190711975097,2.1147026014328003,0.24547619819641114
52,0.6421918949843467,1.8113608949626419,0.3648643338787636,0.7126502895355225,1.9967644166946412,0.24162303030490875
53,0.6170854688227579,1.7908634998096298,0.365703438762608,0.7319298672676087,2.334189887046814,0.24560249865055084
54,0.5908304823226127,1.7903846884262806,0.36978351634523166,0.6919104099273682,2.02170654296875,0.237901451587677
55,0.5949478002229213,1.7876681118629443,0.36271103412800204,0.6755809259414672,2.2361682081222534,0.23445605337619782
56,0.6146093289614142,1.8081887164711206,0.3626579591742986,0.7219903659820557,2.286575880050659,0.22798915147781373
57,0.615499319956862,1.7634282028931507,0.36204387828998413,0.7216747617721557,2.089396286010742,0.2439189636707306
58,0.6229947853273292,1.7787846466705803,0.36300268979528294,0.7163005757331848,2.145762858390808,0.2274896115064621
59,0.6108461491370278,1.7766656477748974,0.36528622412908246,0.7174940276145935,2.1897975111007693,0.23054515540599824
60,0.6069712457715302,1.7622115385419073,0.3494628510098269,0.7144687819480896,2.478504762649536,0.23157304465770723
61,0.6246695283027718,1.7702790794594454,0.3522828019780757,0.7231215810775757,2.305851545333862,0.23267260432243347
62,0.634865715320569,1.7688712000936337,0.3592187314144456,0.7214215803146362,2.14653347492218,0.232730473279953
63,0.639689873181673,1.7425722053476296,0.3585086558307741,0.7187229323387146,2.014650592803955,0.23571760952472687
64,0.6394231607760114,1.7808893194432376,0.35690101959545534,0.7078826522827149,2.235560269355774,0.24607703268527983
65,0.6309716201049255,1.7537378580951382,0.35982200234927086,0.7293298625946045,2.2605166482925414,0.22869984567165375
66,0.6382321176273631,1.7420181865718385,0.36028262245854886,0.7054179191589356,2.18304630279541,0.2329547107219696
67,0.6256480881456974,1.737235809606931,0.35167247718158157,0.7066529870033265,2.143145413398743,0.236515656709671
68,0.6123236071505724,1.749509055405102,0.34856461322185306,0.7076431560516357,2.0766795825958253,0.23469208121299745
69,0.6249477280835554,1.7474767561700901,0.3511165262670376,0.713068208694458,2.3051202964782713,0.2285556662082672
0,0.42013838827254074,6.504247623780419,0.2944470570348632,0.5008747601509094,3.64159743309021,0.2523848932981491
1,0.5420116382835805,3.8075559938553427,0.3178936467189803,0.4945585739612579,2.806803903579712,0.2815223395824432
2,0.5721758364408291,3.2913261171517028,0.3063065181538735,0.5611762928962708,2.7289456367492675,0.26181919693946837
3,0.5798158563781584,3.0050655829423425,0.318696802671162,0.5563687849044799,2.7381285572052003,0.3123770987987518
4,0.643428029434246,2.7827612787656615,0.32167023192920596,0.5681514501571655,2.290002694129944,0.25710488557815553
5,0.6267313729801087,2.6447923727443525,0.31194789983911875,0.6060593414306641,2.3792620134353637,0.25853599786758424
6,0.6264920085892193,2.530648793918959,0.32343301287348597,0.599104814529419,2.451968240737915,0.2721891748905182
7,0.6347537870880721,2.4271797024073347,0.3181484817548904,0.5863718700408935,2.20045645236969,0.2553404760360718
8,0.698284349174299,2.361024030005899,0.3259697653724159,0.5949117517471314,2.1283114385604858,0.25048242807388305
9,0.7116092873281571,2.2969864156617112,0.3346968211341703,0.6195909428596497,2.401002497673035,0.26842793345451355
10,0.711709861371229,2.2650690053384364,0.32524032927704716,0.6270333361625672,2.1462410497665405,0.27939433097839356
11,0.7170609848660948,2.211111822127103,0.3248380206959648,0.6462483620643615,2.1889182901382447,0.2933805286884308
12,0.7113189072296463,2.1419173217284913,0.3304333094136604,0.5960874843597412,2.161542797088623,0.3044904851913452
13,0.7127334576026482,2.1373971702756065,0.3219612338168937,0.665379958152771,2.2298120355606077,0.28522421717643737
14,0.7150983431502107,2.138679836820536,0.32690717723926127,0.577842001914978,2.230592336654663,0.2742590630054474
15,0.6792826077805062,2.090581780109878,0.3242181820558673,0.5969339060783386,2.2611670112609863,0.30325654506683347
16,0.7043551146656111,2.0890654637075294,0.316078957690186,0.6241092443466186,2.2279464626312255,0.2723905658721924
17,0.6976260956090661,2.0661097762582896,0.31972455730103005,0.5861572289466858,2.2299159955978394,0.2690955078601837
18,0.6558812951367587,2.051960399039304,0.33037033422845646,0.5780516338348388,2.3710149335861206,0.2747009074687958
19,0.6729425988893857,2.0011185905288134,0.34332967775800693,0.6205304384231567,2.2322159099578855,0.282211662530899
20,0.6963621072540112,2.0091797884386837,0.34559675965393843,0.6295992302894592,2.0323385429382324,0.2804299294948578
21,0.7090505306083081,1.9828296018475915,0.3431573903557656,0.5924670577049256,2.2937453842163085,0.2595586061477661
22,0.6875737932934172,1.9800656848457112,0.3278685119850985,0.6647531747817993,2.217264108657837,0.2586813521385193
23,0.7154203657063658,1.9670589237711804,0.325862955213458,0.6470780348777772,2.0402028942108155,0.26986256599426267
24,0.7231161522811611,1.9468579305718474,0.326078570355825,0.678658378124237,2.2755922222137452,0.28174896478652955
25,0.7237300441198316,1.94195019951339,0.328130715471199,0.6659768772125244,2.164506139755249,0.2808908653259277
26,0.7157442986085351,1.9107176338639116,0.33116291949890364,0.6793976855278016,2.235089797973633,0.2744090533256531
27,0.7150526919125139,1.9071425980617323,0.34410807312891906,0.6451859378814697,2.154581165313721,0.28599737167358397
28,0.7144023120671645,1.9032957149541874,0.34303342687034083,0.6537472081184387,2.0194833374023435,0.276385989189148
29,0.7049522072725485,1.9093395070430783,0.34558631399586287,0.6105458569526673,2.1160302448272703,0.29860158801078795
30,0.7094823287253323,1.8942529492179006,0.3322489981818921,0.6661027026176453,2.0977352142333983,0.29436460256576535
31,0.7134050881382463,1.8780632378132247,0.32990454104890937,0.6635556817054749,2.224527454376221,0.25836771726608276
32,0.7250083902288879,1.8743020232287928,0.3321134461469207,0.6393314051628113,2.01669885635376,0.26329150557518005
33,0.6969192028045654,1.8744990772565127,0.3299646296738564,0.6308764910697937,1.9314293146133423,0.263595689535141
34,0.6996151691441063,1.8617527158909928,0.3381061520402301,0.6341741752624511,2.147591094970703,0.2866018772125244
35,0.6937077068101769,1.8422315188083964,0.3465376969887174,0.6367435455322266,2.185171685218811,0.2750580930709839
36,0.710066615595709,1.8353559888539566,0.3398881749358808,0.6829063582420349,2.1325234031677245,0.2856970179080963
37,0.734129329562217,1.8369704864906138,0.3411074854938692,0.6518868923187255,2.2999965858459475,0.27807568430900576
38,0.7321570426180937,1.8080588801912572,0.34364247385444135,0.6392610764503479,1.9964490461349487,0.2738289797306061
39,0.744697256314328,1.8170347920292045,0.33761228901730916,0.6529527950286865,2.147399320602417,0.2712396800518036
40,0.7327531147874055,1.847622466021727,0.34689805111438893,0.636027364730835,2.021880588531494,0.27726581811904905
41,0.7120425433829881,1.8192354239124606,0.3364857459751113,0.6220109844207764,2.1408180570602418,0.27477944374084473
42,0.7171527015020587,1.838011399638453,0.33947999657974975,0.675829291343689,2.0839276933670043,0.27698043823242186
43,0.7284722107185075,1.80017269412249,0.3456859608978398,0.6714468169212341,2.0945954608917234,0.29110514402389526
44,0.728365463561091,1.8198442380388955,0.34472367674365767,0.6665493249893188,2.229078779220581,0.2652425265312195
45,0.7420230783729038,1.7872270545811542,0.3364000283675639,0.6623117566108704,2.313702917098999,0.2857079303264618
46,0.7466808587335066,1.802316406771097,0.32636767223921004,0.681241421699524,2.177695116996765,0.278682051897049
47,0.7346188738282275,1.8007263949074266,0.3372438707842599,0.6654246640205383,2.2386658668518065,0.27587891221046446
48,0.7353051385920069,1.7849641767008535,0.34177443106333094,0.6712098288536071,2.0826826000213625,0.2756235110759735
49,0.7466206108297978,1.774882163320269,0.33592930182624464,0.6761766862869263,2.2502019739151002,0.2907494652271271
50,0.7372019194292073,1.745886818301478,0.3397348396981511,0.6872955703735352,2.1812678241729735,0.28979663968086244
51,0.7415076182626855,1.7809443847723996,0.34097607458395146,0.6639421939849853,2.329964692592621,0.2793254601955414
52,0.751316203917746,1.7831363099081265,0.3385416019222335,0.6652761149406433,2.0617471027374266,0.2911906933784485
53,0.7463785410822109,1.758345767113755,0.34279112371319914,0.6700290894508362,2.204545283317566,0.29225953698158263
54,0.7330017750444503,1.757580678990151,0.3436287942306586,0.6821111726760865,2.099768033027649,0.28804073214530945
55,0.7397384163824534,1.7731753625003641,0.3409576921916945,0.6583402705192566,2.2634130859375,0.27729265213012694
56,0.7372467162938962,1.7466270347997968,0.34269508110274965,0.6506712865829468,2.0210569047927858,0.29051003098487854
57,0.74332731918969,1.7551743912661057,0.3472284276509893,0.6607861256599427,2.2224895906448365,0.28261815071105956
58,0.7353295948405787,1.736466220864541,0.34262857709731465,0.6591564559936524,2.1855281019210815,0.2743996214866638
59,0.7437024156630323,1.718148753885809,0.3334382257969761,0.6735396933555603,2.160676212310791,0.27525397539138796
60,0.7515137625998888,1.7444989843151462,0.3431668506228011,0.6692487525939942,2.1382735538482667,0.2771672964096069
61,0.728884288675343,1.73611561787376,0.3348289356847271,0.6630202341079712,2.3341171026229857,0.2695601868629456
62,0.7335677377158235,1.7453341360595604,0.3311675678186486,0.6511741828918457,2.197834384441376,0.28295634508132933
63,0.723616445798232,1.7101945448494387,0.3284694288771302,0.6645712924003601,2.0854936838150024,0.2705829191207886
64,0.7458851154951408,1.7131720165302302,0.33270689270358017,0.662046627998352,2.2157283091545104,0.2717465853691101
65,0.7378236567911459,1.7097450798679836,0.34541984919849145,0.6465951824188232,2.0534874057769774,0.27914142370224
66,0.7171337269889673,1.7171895441067704,0.3407230113323313,0.650977840423584,2.2563918447494506,0.26696040391922
67,0.7031839516623251,1.6907182768203426,0.33713338812212157,0.6600015449523926,2.269225993156433,0.28258524656295775
68,0.7189152363332654,1.7210048719260107,0.33415381511599235,0.6660098242759704,2.353125903606415,0.27735262751579287
69,0.7234252379899148,1.698981451248568,0.33537466907191044,0.6559724473953247,2.172665333747864,0.2699448180198669
70,0.7029245396057566,1.698074651575494,0.3301532853612785,0.6480545282363892,2.284224662780762,0.27642879366874695
71,0.7141230781733885,1.6969733785503294,0.3337234292950128,0.6381743741035462,2.2437918305397035,0.2749840748310089
72,0.7278236763191605,1.714480317023685,0.33937355151974563,0.6485269832611084,2.16024112701416,0.2719317364692688
73,0.7274404878524496,1.7115251590693934,0.33277960348988006,0.6553406572341919,2.2925890135765075,0.27241368412971495
74,0.7104789576650948,1.6833425534794502,0.3301335488792536,0.6537032794952392,2.104554543495178,0.2713558876514435
75,0.7222344504465662,1.680232543512258,0.3362904745383593,0.6394953799247741,2.240094199180603,0.2748527634143829
76,0.7327373948259435,1.681533093151896,0.34247481316820033,0.6866965341567993,2.0749676561355592,0.27875484347343443
77,0.7411970732389225,1.6815888339172222,0.33982069562577233,0.6451816916465759,2.1628584384918215,0.2825807189941406
78,0.7407083793643239,1.686029182513535,0.34721940219745295,0.6736695623397827,2.1526873302459717,0.2737736654281616
79,0.731086041126843,1.69503971419097,0.34377721234622943,0.6648348712921143,2.315058696269989,0.2841531467437744
80,0.737537733237704,1.690870771442669,0.33562213381479356,0.6859275460243225,2.2783819532394407,0.26311282634735106
81,0.747634274783002,1.6788096086424769,0.3317790075126278,0.677332558631897,2.143161029815674,0.2766176116466522
82,0.7426899509308247,1.684226518545802,0.3361780648309647,0.6759651279449463,2.153261981010437,0.27605913519859315
83,0.745723512126184,1.6863567377997375,0.3345497003744816,0.6688291001319885,1.9933962965011596,0.2724050033092499
84,0.7405771904955634,1.672135810450014,0.3239745555190644,0.6683778429031372,2.229826757907867,0.25167653858661654
85,0.7491341530158276,1.6627450916568487,0.33553074488557516,0.6752560710906983,2.1488913393020628,0.26675349593162534
86,0.7557564569807697,1.6712314394964702,0.34589553206577606,0.6811051964759827,2.1048903036117554,0.26721394181251523
87,0.7542831933226978,1.6667804885930588,0.3368963840859575,0.6730718660354614,2.0687772464752197,0.26197275280952453
88,0.7647187221876406,1.6958230244150034,0.33265876376333614,0.6917630028724671,2.13290198802948,0.2618505036830902
89,0.7570148126341928,1.6524894352016477,0.32193222091071544,0.6653346824645996,2.195233316421509,0.24422773122787475
90,0.745543473462388,1.6665178060471968,0.32364641538941624,0.6630971074104309,2.1022546672821045,0.25299330592155456
91,0.7428046848465569,1.6510710090525544,0.3270598425100468,0.6725210070610046,2.2357038927078245,0.25369817852973936
92,0.7608361716326517,1.6599873361630473,0.3241854600229948,0.7059649300575256,2.259234359264374,0.2580811560153961
93,0.7773735995528817,1.6437628146348564,0.31045357405900836,0.6944393062591553,2.193524856567383,0.2433730447292328
94,0.7753637973773709,1.646468345600574,0.3165827419255595,0.6821210026741028,2.3128800988197327,0.25363775610923767
95,0.7637869931621375,1.6652818135330014,0.3216093207840207,0.6743926787376404,2.2011195540428163,0.25807411670684816
96,0.7368389061088858,1.6716673425461663,0.3201898624444974,0.6693803453445435,2.114468755722046,0.22827454030513764
97,0.7574018523906033,1.6324285985470892,0.3144479154317654,0.7094425821304321,2.1914874386787413,0.24971043527126313
98,0.7563119931670764,1.6367914299383919,0.32545732768112223,0.6809418058395386,2.089305949211121,0.2556454336643219
99,0.7494833690187465,1.626382214895423,0.33268094196237286,0.6843048191070557,2.2318080854415894,0.25826207399368284
100,0.7643520841903916,1.6516757292958657,0.3317233996299436,0.6827148365974426,2.2580985713005064,0.26640636563301084
101,0.7590149838923812,1.6259415569620368,0.33333226205528993,0.675088438987732,2.3124650883674622,0.26386273503303526
102,0.761970320572073,1.611911272155815,0.33107913611619816,0.7060127186775208,2.2247863388061524,0.2659913039207458
103,0.7708018780470431,1.6328333827117278,0.3393132800396186,0.689541425704956,2.216764943599701,0.26688448786735536
104,0.761281817935245,1.6345201423235587,0.3367828930396571,0.702425434589386,2.3189027905464172,0.2727941036224365
105,0.7695262995345883,1.6384111051263661,0.33274159117929336,0.7052593421936035,2.287658383846283,0.27473715782165525
106,0.7627929608941764,1.6435748960842393,0.3321751124014221,0.6869491338729858,2.2668832111358643,0.26625858306884764
107,0.7577106184681446,1.621197010506264,0.32779126144034104,0.6703412365913392,2.2690931034088133,0.25623971343040464
108,0.7516277286300725,1.6196753655727845,0.3224464882410315,0.6916017365455628,2.174000952243805,0.2615245521068573
109,0.7410984877767176,1.6140299486541463,0.32593506225023705,0.6749676299095154,2.182189521789551,0.263382887840271
110,0.7336991854330764,1.611328523398221,0.32711035855000753,0.6940052032470703,2.375493462085724,0.26205400586128236
111,0.7580535439720802,1.6271006930074245,0.3294133339296259,0.6928123307228088,2.194345862865448,0.26686177134513855
112,0.7510079941104328,1.6052566691301298,0.3282240034118779,0.6661818909645081,2.191410734653473,0.25990891218185425
113,0.7415797968253154,1.6114068310470142,0.3284278878024557,0.6796541476249695,2.28710036277771,0.271791535615921
114,0.7464399302724543,1.6256913044824284,0.32880470130573014,0.6622341060638428,2.172514820098877,0.2621185851097107
115,0.7284043555918069,1.6068122739372044,0.3287262495992898,0.6694285178184509,2.2459579420089724,0.27002947211265566
116,0.739696915757516,1.6466656949838043,0.33258867200416475,0.6796158003807068,2.1898605966567994,0.25831552505493166
117,0.7404330562048027,1.6327954661049842,0.3244857058424874,0.6705142664909363,2.428824179172516,0.25790207743644716
118,0.7455656007267703,1.6112140804723003,0.32251871519234254,0.677944118976593,2.2560332083702086,0.25450468897819517
119,0.741001208677929,1.631295006037176,0.3242016807776378,0.6927256274223328,2.2286245322227476,0.26441975593566897
0,0.4474517975323143,6.374901178093711,0.3338339596628874,0.49447225689888,3.7401427936553957,0.29713812232017517
1,0.5744511667397066,3.738620130070875,0.30891956058331416,0.49079267859458925,2.8735821437835694,0.25985854506492617
2,0.5889044540603623,3.210961590987573,0.3090676799754061,0.45464296579360963,2.4990367889404297,0.3602770781517029
3,0.620120793976186,2.9831165475549475,0.30692504149900546,0.4932473969459534,2.538754415512085,0.2714413964748383
4,0.6435831545694437,2.7931035967855364,0.29705895523958725,0.5917768859863282,2.570475459098816,0.29263524055480955
5,0.6825542936201553,2.612387711168484,0.2814799128784404,0.5993909478187561,2.4995413970947267,0.27777077913284304
6,0.6968675015388442,2.4877218588429866,0.28765015538585226,0.6017990398406983,2.5319176483154298,0.26407286286354065
7,0.7224165191266702,2.4567414643453906,0.31089300138006637,0.6230236983299255,2.383348960876465,0.2779001498222351
8,0.7274002769222816,2.3686792977893627,0.30253773112422966,0.6654737997055054,2.240582389831543,0.30056259751319886
9,0.718498319909368,2.327411124310793,0.2965883728017024,0.6694919109344483,2.328575415611267,0.27562968492507933
10,0.7059979039130022,2.2642283145752735,0.2986518956665819,0.63901695728302,2.1859919023513794,0.28520389199256896
11,0.7304610022912559,2.214198630558148,0.2943646985305115,0.6328427767753602,2.1820616483688355,0.2531462872028351
12,0.7285473200270973,2.204971861863154,0.31347932388611305,0.6787420034408569,2.292071943283081,0.2763664746284485
13,0.7211373391086983,2.16698783593577,0.2946606075982996,0.6902019262313843,2.259652614593506,0.24964985907077789
14,0.736688422367579,2.1507384195865997,0.3240279882806903,0.6974574184417724,2.198352837562561,0.24654260993003846
15,0.7506208108611495,2.107058739709908,0.33757278725958006,0.713595175743103,2.3794638204574583,0.2771698033809662
16,0.7591252063315065,2.093057829468197,0.3319926377137005,0.7160443139076232,2.289152116775513,0.26276304364204406
17,0.7635608069470939,2.0561747396712815,0.3404734565168638,0.7494267821311951,2.08098858833313,0.2685623931884766
18,0.7677039078889808,2.058633521044453,0.32492981640944385,0.7138420009613037,2.4604294729232787,0.2628691327571869
19,0.7534502904907835,2.0271134377271496,0.3251334068616808,0.719103274345398,1.9050551414489747,0.26138240098953247
20,0.7210127377208728,2.0403781784683215,0.3342762958972121,0.7419443202018737,2.1233003091812135,0.27162655115127565
21,0.7350260706273684,1.990924627353366,0.3536961756664348,0.6812626242637634,2.1814350080490112,0.24030186116695404
22,0.7467787838038845,1.970389508801399,0.33660519570820563,0.7087685918807983,2.2145380210876464,0.2605409836769104
23,0.7791888998023501,1.9629279420874381,0.32041545658874776,0.7341292834281922,2.204219331741333,0.22485776722431183
24,0.7603427889633203,1.946094441974794,0.3146924084319801,0.761195375919342,2.1781456995010378,0.2543273603916168
25,0.7552534203798377,1.944632945044028,0.3329652180545235,0.7246154069900512,2.401543126106262,0.24599264562129974
26,0.7700171557688292,1.9389272584230128,0.32494355174078243,0.7342425751686096,2.2216307401657103,0.24930622816085815
27,0.7679190394681769,1.9383778336080648,0.3359219108940946,0.7548398876190185,2.1488174200057983,0.2407379448413849
28,0.7803727069183204,1.9101373717908356,0.33606669646383736,0.7528668594360352,2.2522229146957398,0.24658537209033965
29,0.78146115327684,1.909275788521531,0.334113987179725,0.7161980748176575,2.3490033769607543,0.24680666327476503
30,0.7748030646619175,1.8810607819067284,0.34246574235028104,0.7634626245498657,2.395663924217224,0.2620182394981384
31,0.7725759922988185,1.879975974268884,0.3427216080577393,0.745133535861969,2.212974452972412,0.2611126661300659
32,0.7572333246864675,1.855190978128969,0.3406159794156122,0.7275123286247254,2.111471710205078,0.24953859508037568
33,0.7487909691292896,1.8742398113262189,0.3456814137787772,0.7272233104705811,2.256821322441101,0.2570007026195526
34,0.7649308748961897,1.8479234545121368,0.3357868829972603,0.7023460555076599,2.0905478954315186,0.2609976327419281
35,0.7660379201390012,1.855929351595601,0.3381982983977967,0.7311098217964173,2.359933705329895,0.24728456377983093
36,0.7595318869556269,1.8393885993253392,0.33238325359495813,0.6808543372154235,2.3264620876312256,0.25655707478523254
37,0.7659654627826721,1.826596897156512,0.3080629712349929,0.6791884446144104,2.2842974853515625,0.2477922719717026
38,0.7497018086468842,1.8439081867456377,0.33546016904930187,0.7098044276237487,2.164064898490906,0.25198180973529816
39,0.7531518001398863,1.8358238954118011,0.3432100774342001,0.7092094421386719,2.192233123779297,0.25422216892242433
40,0.769371762605084,1.8219674020099366,0.3218446783437074,0.7194269704818725,2.091994128227234,0.24063147783279418
41,0.7820568215050696,1.8330943441730994,0.3490842272482546,0.7529857468605041,2.370215425491333,0.26500471591949465
42,0.7711526961189951,1.8205703456057818,0.3510671289934412,0.73653160572052,2.3074286651611327,0.2557989144325256
43,0.7848969583382461,1.825771407122726,0.3490751522821981,0.751681694984436,2.246814842224121,0.25582626581192014
44,0.7752160497954824,1.8224197666078978,0.34167558125161757,0.7123034715652465,2.2701242637634276,0.24512709736824034
45,0.7741913558350474,1.7991490820862148,0.3377819479839507,0.7670111751556397,2.2054065990448,0.24905118823051453
46,0.7883659005463459,1.803056968465315,0.33554105781938987,0.7200745630264282,2.1915795278549193,0.2563113045692444
47,0.7778043838619008,1.7926746444668733,0.35379583923841446,0.7487063550949097,2.1151810121536254,0.2537886583805084
48,0.7816246093691425,1.7788624627040808,0.3511669602704579,0.732555296421051,2.160034351348877,0.24443931639194488
49,0.7955149053080243,1.7838370148402523,0.3537520590972399,0.7531579947471618,2.257679023742676,0.2509030759334564
50,0.7745991555610029,1.7934179079874244,0.34026826777710006,0.6961323642730712,2.1681708526611327,0.23645905613899232
51,0.7554052664334696,1.7662492397877165,0.3315254048143055,0.6741404628753662,2.339229555130005,0.24319913923740388
52,0.7537165585424676,1.7623776356757113,0.33384608003616095,0.704313292503357,2.4946002626419066,0.25646573543548584
53,0.737186926772636,1.753441766480632,0.32962144226742063,0.6861050081253052,2.2153013229370115,0.24596495807170868
54,0.755257194358944,1.7604308725745492,0.3279552512991151,0.724880735874176,2.113655128479004,0.24906570255756377
55,0.7668926585915539,1.7275817026230915,0.3287616616949213,0.7081841993331909,2.0324660444259646,0.26137873888015745
56,0.7630986590854457,1.7500875266796805,0.32947822609020555,0.6914067459106445,2.185602970123291,0.24964449405670167
57,0.7516091831302476,1.7350158584484734,0.336224561222112,0.6823834300041198,2.270176877975464,0.24737322092056274
58,0.7611518551390037,1.7536942001398148,0.32460066550083205,0.711651828289032,2.339183921813965,0.24651655733585356
59,0.7595752977322404,1.7483874110223177,0.3168809020132136,0.7311940264701843,2.286728763580322,0.256328182220459
60,0.7690076326277067,1.7374494439636377,0.33309646435445445,0.7118992328643798,2.2869959115982055,0.25798211932182313
61,0.7576141896705546,1.73390525793525,0.33294648554130873,0.7061870932579041,2.101794400215149,0.26806002378463745
62,0.7560606075308824,1.7291905048448173,0.32575538336387816,0.6842423868179321,2.1349649620056153,0.24579748690128325
63,0.7612975192090893,1.7061538330799437,0.332622391282356,0.7187710976600648,2.2675592851638795,0.24361690938472746
64,0.7611924117808048,1.717313925281059,0.33073611977639006,0.7156452798843383,2.21929970741272,0.24708235502243042
65,0.7698222209598407,1.7029956428984678,0.3331561033440209,0.7005797672271729,2.397100248336792,0.25181128203868863
66,0.7673291987881107,1.7081776119982133,0.32113751381945216,0.7068749499320984,2.256860513687134,0.24770698666572571
67,0.7625303988922588,1.7200720309018194,0.3305648085897733,0.6716606950759888,2.196493973731995,0.2546197545528412
68,0.7618821608365336,1.719735570819756,0.3338807900935624,0.7158308267593384,2.350515685081482,0.2557132887840271
69,0.7565685919237859,1.711029770168132,0.3327939581541346,0.6985337138175964,2.179948778152466,0.24674302458763123
